{
  "version": "v20260222_174844_e39ea9",
  "training_timestamp": "2026-02-22T17:48:44.184056",
  "config": {
    "random_state": 42,
    "outer_cv_folds": 5,
    "inner_cv_folds": 3,
    "n_features_to_select": 15,
    "test_holdout_size": 0.15,
    "artifacts_dir": "model_artifacts",
    "data_dir": "data",
    "feature_selection_method": "combined",
    "scale_for_rf": false,
    "scale_for_svm": true
  },
  "all_features": [
    "school",
    "sex",
    "age",
    "address",
    "famsize",
    "Pstatus",
    "Medu",
    "Fedu",
    "Mjob",
    "Fjob",
    "reason",
    "guardian",
    "traveltime",
    "studytime",
    "failures",
    "schoolsup",
    "famsup",
    "paid",
    "activities",
    "nursery",
    "higher",
    "internet",
    "romantic",
    "famrel",
    "freetime",
    "goout",
    "Dalc",
    "Walc",
    "health",
    "absences",
    "G1",
    "G2"
  ],
  "selected_features": [
    "age",
    "Medu",
    "Fedu",
    "Fjob",
    "reason",
    "studytime",
    "failures",
    "romantic",
    "freetime",
    "goout",
    "health",
    "absences",
    "G1",
    "G2",
    "avg_internal",
    "grade_trend",
    "total_alcohol",
    "study_free_ratio",
    "parent_edu_avg"
  ],
  "mi_scores": {
    "school": 0.03816833722933044,
    "sex": 0.06613010440814193,
    "age": 0.16121388613833787,
    "address": 0.11838431870416466,
    "famsize": 0.16665471525836084,
    "Pstatus": 0.05196410777926408,
    "Medu": 0.23600226929823176,
    "Fedu": 0.18000966447238964,
    "Mjob": 0.1566300983679909,
    "Fjob": 0.18216063122603465,
    "reason": 0.176518745390275,
    "guardian": 0.018802164439562397,
    "traveltime": 0.10564405824714118,
    "studytime": 0.2147705534157125,
    "failures": 0.13041433113272705,
    "schoolsup": 0.0656846070177246,
    "famsup": 0.08003280838854776,
    "paid": 0.10994357260192755,
    "activities": 0.022066152133946026,
    "nursery": 0.05645789577512428,
    "higher": 0.07783547298841009,
    "internet": 0.11182810116931163,
    "romantic": 0.208282633033825,
    "famrel": 0.17598703309899566,
    "freetime": 0.18935729125728606,
    "goout": 0.21812799264669103,
    "Dalc": 0.0892783574752758,
    "Walc": 0.17048206220180262,
    "health": 0.19690711195558253,
    "absences": 0.2660427626874977,
    "G1": 0.9973309087457289,
    "G2": 1.3882070807812876,
    "avg_internal": 1.2844734029573088,
    "grade_trend": 0.2299579105871623,
    "total_alcohol": 0.16151372217785376,
    "study_free_ratio": 0.30309948209750637,
    "parent_edu_avg": 0.2251362691295964
  },
  "rfe_ranking": {
    "school": 23,
    "sex": 15,
    "age": 1,
    "address": 18,
    "famsize": 7,
    "Pstatus": 21,
    "Medu": 1,
    "Fedu": 8,
    "Mjob": 5,
    "Fjob": 6,
    "reason": 1,
    "guardian": 17,
    "traveltime": 11,
    "studytime": 3,
    "failures": 1,
    "schoolsup": 14,
    "famsup": 16,
    "paid": 12,
    "activities": 13,
    "nursery": 19,
    "higher": 22,
    "internet": 20,
    "romantic": 1,
    "famrel": 2,
    "freetime": 1,
    "goout": 1,
    "Dalc": 10,
    "Walc": 9,
    "health": 4,
    "absences": 1,
    "G1": 1,
    "G2": 1,
    "avg_internal": 1,
    "grade_trend": 1,
    "total_alcohol": 1,
    "study_free_ratio": 1,
    "parent_edu_avg": 1
  },
  "grade_labels": [
    "Fail",
    "Pass",
    "Distinction",
    "Excellent",
    "Exceptional"
  ],
  "grade_map": {
    "Fail": 0,
    "Pass": 1,
    "Distinction": 2,
    "Excellent": 3,
    "Exceptional": 4
  },
  "categorical_cols": [
    "school",
    "sex",
    "address",
    "famsize",
    "Pstatus",
    "Mjob",
    "Fjob",
    "reason",
    "guardian",
    "schoolsup",
    "famsup",
    "paid",
    "activities",
    "nursery",
    "higher",
    "internet",
    "romantic"
  ],
  "cat_options": {
    "school": [
      "GP",
      "MS"
    ],
    "sex": [
      "F",
      "M"
    ],
    "address": [
      "R",
      "U"
    ],
    "famsize": [
      "GT3",
      "LE3"
    ],
    "Pstatus": [
      "A",
      "T"
    ],
    "Mjob": [
      "at_home",
      "health",
      "other",
      "services",
      "teacher"
    ],
    "Fjob": [
      "at_home",
      "health",
      "other",
      "services",
      "teacher"
    ],
    "reason": [
      "course",
      "home",
      "other",
      "reputation"
    ],
    "guardian": [
      "father",
      "mother",
      "other"
    ],
    "schoolsup": [
      "no",
      "yes"
    ],
    "famsup": [
      "no",
      "yes"
    ],
    "paid": [
      "no",
      "yes"
    ],
    "activities": [
      "no",
      "yes"
    ],
    "nursery": [
      "no",
      "yes"
    ],
    "higher": [
      "no",
      "yes"
    ],
    "internet": [
      "no",
      "yes"
    ],
    "romantic": [
      "no",
      "yes"
    ]
  },
  "cv_results": {
    "Random Forest": {
      "model_name": "Random Forest",
      "mean_accuracy": 0.7253731343283581,
      "std_accuracy": 0.038459996199179454,
      "mean_f1": 0.6954572488215653,
      "std_f1": 0.047303855974318514,
      "mean_precision": 0.739242911944445,
      "mean_recall": 0.7253731343283581,
      "mean_kappa": 0.6314015146133105,
      "fold_scores": [
        {
          "accuracy": 0.7910447761194029,
          "precision": 0.786648814522152,
          "recall": 0.7910447761194029,
          "f1": 0.7599293448722774,
          "kappa": 0.718993409227082,
          "best_params": {
            "classifier__class_weight": "balanced",
            "classifier__max_depth": 10,
            "classifier__min_samples_split": 5,
            "classifier__n_estimators": 100
          }
        },
        {
          "accuracy": 0.6716417910447762,
          "precision": 0.7024397244546499,
          "recall": 0.6716417910447762,
          "f1": 0.6288395527850427,
          "kappa": 0.5596056169704213,
          "best_params": {
            "classifier__class_weight": "balanced",
            "classifier__max_depth": 10,
            "classifier__min_samples_split": 2,
            "classifier__n_estimators": 200
          }
        },
        {
          "accuracy": 0.7313432835820896,
          "precision": 0.7295063145809415,
          "recall": 0.7313432835820896,
          "f1": 0.7115316275764036,
          "kappa": 0.64,
          "best_params": {
            "classifier__class_weight": "balanced",
            "classifier__max_depth": 10,
            "classifier__min_samples_split": 5,
            "classifier__n_estimators": 200
          }
        },
        {
          "accuracy": 0.7164179104477612,
          "precision": 0.7519656959955467,
          "recall": 0.7164179104477612,
          "f1": 0.6890670869256204,
          "kappa": 0.6193181818181819,
          "best_params": {
            "classifier__class_weight": "balanced",
            "classifier__max_depth": 10,
            "classifier__min_samples_split": 5,
            "classifier__n_estimators": 200
          }
        },
        {
          "accuracy": 0.7164179104477612,
          "precision": 0.7256540101689355,
          "recall": 0.7164179104477612,
          "f1": 0.6879186319484827,
          "kappa": 0.6190903650508677,
          "best_params": {
            "classifier__class_weight": "balanced",
            "classifier__max_depth": 10,
            "classifier__min_samples_split": 2,
            "classifier__n_estimators": 100
          }
        }
      ],
      "best_params": {
        "classifier__class_weight": "balanced",
        "classifier__max_depth": 10,
        "classifier__min_samples_split": 5,
        "classifier__n_estimators": 200
      },
      "confidence_interval_95": [
        0.6367217538820379,
        0.7541927437610928
      ],